flightID,departuretime,arrivaltime,planned_path_cost,actual_path_cost,shortest_path_cost
JBU1823-1526361965-airline-0445:0,2018:05:17 21:43:00,2018:05:18 04:00:00,22561.2514123,23215.389557500657,21661.3645022
DAL454-1526361968-airline-0038,2018:05:17 18:25:00,2018:05:18 00:55:00,23041.3277588,23230.155771264992,21943.1113282
DAL458-1526361968-airline-0286:0,2018:05:17 12:55:00,2018:05:17 19:01:00,22567.9799384,22621.616928565185,22136.9409979
JBU1623-1526361965-airline-0033,2018:05:17 18:30:00,2018:05:18 01:04:00,23041.3277588,23088.673287836213,21943.1113282
DAL330-1526361968-airline-0186:0,2018:05:17 08:55:00,2018:05:17 15:10:00,22689.3295627,22818.92365792414,22221.8848388
AAL293-1526361963-airline-0532:0,2018:05:17 19:15:00,2018:05:18 01:54:00,22491.8161821,22921.210663872138,21791.1367508
JBU123-1526361965-airline-0340:0,2018:05:17 06:31:00,2018:05:17 12:44:00,22959.320515,22824.18482136474,22282.392303
DAL472-1526275542-airline-0050:0,2018:05:17 07:05:00,2018:05:17 13:19:00,22959.4820652,22879.24257375288,22282.392303
DAL400-1526361968-airline-0169:0,2018:05:17 14:30:00,2018:05:17 20:45:00,23266.2362147,23504.091534026185,22070.1840128
DAL747-1526361968-airline-0131,2018:05:17 10:55:00,2018:05:17 16:57:00,22709.1942518,22725.13232432426,22207.2882241
JBU1323-1526361965-airline-0129:0,2018:05:17 14:27:00,2018:05:17 20:51:00,22631.397597,22686.37458058841,22070.1840128
AAL1-1526361963-airline-0231:0,2018:05:17 07:00:00,2018:05:17 13:42:00,23198.4980077,23216.63295292863,22282.392303
AAL23-1526361963-airline-0164:0,2018:05:17 13:30:00,2018:05:17 19:58:00,23234.7228321,23392.340749819858,22068.3772912
AAL133-1526361963-airline-0514:0,2018:05:17 17:00:00,2018:05:17 23:36:00,23095.090588,23216.846293629955,22030.1813296
AAL185-1526361963-airline-0170:0,2018:05:17 20:15:00,2018:05:18 02:49:00,22640.3431135,23069.946619539307,21703.3725802
DAL424-1526361968-airline-0235:0,2018:05:17 06:00:00,2018:05:17 12:06:00,23143.8316732,23219.00272924303,22259.6927765
AAL33-1526361963-airline-0182:0,2018:05:17 06:00:00,2018:05:17 12:36:00,23141.8109788,23204.22943501039,22259.6927765
AAL3-1526361963-airline-0192,2018:05:17 11:00:00,2018:05:17 17:16:00,23143.6612693,23278.603635115247,22207.2882241
ASA1413-1526361964-airline-0243:0,2018:05:17 15:50:00,2018:05:17 22:15:00,23182.5230335,23446.26005080958,22035.0775236
DAL212-1526361968-airline-0416:0,2018:05:17 15:55:00,2018:05:17 22:05:00,23182.5230335,23414.77650829766,22035.0775236
JBU523-1526361965-airline-0087:0,2018:05:17 11:30:00,2018:05:17 17:39:00,22762.5091995,22786.885095856323,22177.3051985
DAL460-1526361968-airline-0316:0,2018:05:17 17:19:00,2018:05:17 23:35:00,23095.090588,23300.16914195781,22030.1813296
JBU423-1526361965-airline-0142:0,2018:05:17 09:30:00,2018:05:17 15:39:00,23180.3752589,23013.26582029283,22207.425157
AAL19-1526361963-airline-0066:0,2018:05:17 16:00:00,2018:05:17 22:30:00,23188.667243,23533.707257774753,22035.0775236
DAL427-1526361968-airline-0297,2018:05:17 20:05:00,2018:05:18 02:19:00,23024.1699765,23185.171676774473,21791.1367508
JBU323-1526361965-airline-0150:0,2018:05:17 08:30:00,2018:05:17 14:46:00,22807.4879646,22731.451055706515,22221.8848388
JBU1723-1526361965-airline-0048:0,2018:05:17 20:40:00,2018:05:18 03:02:00,22639.5351587,23077.953113197833,21703.3725802
JBU223-1526361965-airline-0373:0,2018:05:17 07:23:00,2018:05:17 13:45:00,22956.5626965,22824.133900326615,22300.3774563
AAL117-1526361963-airline-0578:0,2018:05:17 14:30:00,2018:05:17 21:03:00,23236.1723163,23430.982598319464,22070.1840128
ASA1399-1526361964-airline-0132:0,2018:05:17 06:00:00,2018:05:17 12:24:00,22932.5631433,22743.362775528167,22259.6927765
AAL171-1526361963-airline-0528:0,2018:05:17 05:00:00,2018:05:17 11:34:00,22945.9687601,23187.5590909919,22222.7241887
AAL163-1526361963-airline-0347:0,2018:05:17 10:00:00,2018:05:17 16:20:00,23070.7426182,23092.664855154624,22207.425157
JBU23-1526361965-airline-0043:0,2018:05:17 04:50:00,2018:05:17 10:58:00,22987.4800302,23154.22611502586,22222.7241887
JBU1523-1526361965-airline-0139:0,2018:05:17 16:00:00,2018:05:17 22:28:00,23182.5230335,23345.90803790756,22035.0775236
ASA1407-1526361964-airline-0192:0,2018:05:17 08:15:00,2018:05:17 14:39:00,22903.0329936,22807.63485935878,22300.3774563
AAL255-1526361963-airline-0478:0,2018:05:17 09:00:00,2018:05:17 15:27:00,22911.41728,23167.253950957725,22221.8848388
ASA1411-1526361964-airline-0046:0,2018:05:17 12:00:00,2018:05:17 18:24:00,22767.8080216,22488.49934121255,22177.3051985
ASA1409-1526361964-airline-0257:0,2018:05:17 10:30:00,2018:05:17 16:43:00,22779.7366848,22721.81275071106,22207.2882241
ASA1415-1526361964-airline-0108:0,2018:05:17 19:25:00,2018:05:18 01:58:00,22669.2806816,23028.627525780652,21791.1367508
QFA12-1526361974-airline-0343:2,2018:05:17 17:10:00,2018:05:17 23:00:00,23095.090588,23329.58076141256,22030.1813296
AAL22-1526361963-airline-0226:0,2018:05:17 21:25:00,2018:05:18 04:00:00,22710.2344692,22383.072391863017,21661.3645022
AAL1-1526448333-airline-0004:0,2018:05:18 07:00:00,2018:05:18 13:35:00,21980.6709566,22472.755287791824,21105.9706292
DAL747-1526448342-airline-0139,2018:05:18 10:55:00,2018:05:18 16:57:00,22458.0286971,22404.923225156483,20883.2864638
DAL472-1526361968-airline-0481,2018:05:18 07:05:00,2018:05:18 13:19:00,22349.8359192,22582.11338808255,21105.9706292
JBU1823-1526448337-airline-0338,2018:05:18 21:43:00,2018:05:19 04:00:00,24171.7579257,23341.627844970993,20766.1979739
DAL212-1526448342-airline-0159:0,2018:05:18 15:55:00,2018:05:18 22:05:00,24054.214393,23883.063329333396,20767.977239
AAL255-1526448333-airline-0076:0,2018:05:18 09:00:00,2018:05:18 15:23:00,22477.4241768,22732.77729470796,20949.3172561
DAL460-1526448342-airline-0306:0,2018:05:18 17:19:00,2018:05:18 23:35:00,24123.9821235,24105.50455870099,20827.1800454
DAL400-1526448342-airline-0527:0,2018:05:18 14:30:00,2018:05:18 20:48:00,24073.5517804,24199.694812481433,20760.0204207
AAL163-1526448333-airline-0603,2018:05:18 10:00:00,2018:05:18 16:16:00,21743.8396815,22334.67332527481,20941.9250488
DAL330-1526448342-airline-0561,2018:05:18 08:55:00,2018:05:18 15:10:00,21781.162372,22427.921781071123,20949.3172561
DAL454-1526448342-airline-0320,2018:05:18 18:25:00,2018:05:19 00:55:00,24133.9264278,24161.494588730115,20802.4927894
DAL424-1526448342-airline-0516,2018:05:18 06:00:00,2018:05:18 12:06:00,22053.9336921,22423.24425501389,21148.0342468
AAL3-1526448333-airline-0087,2018:05:18 11:00:00,2018:05:18 17:12:00,22010.8615168,22024.679886367194,20883.2864638
AAL185-1526448333-airline-0615:0,2018:05:18 20:15:00,2018:05:19 02:45:00,24650.2774149,24472.103456406978,20752.2573263
AAL23-1526448333-airline-0066:0,2018:05:18 13:30:00,2018:05:18 19:54:00,22274.5035247,22145.866904716175,20774.5984034
JBU123-1526448337-airline-0245:0,2018:05:18 06:31:00,2018:05:18 12:44:00,21912.3137207,22319.514620557613,21105.9706292
DAL458-1526448342-airline-0472:0,2018:05:18 12:55:00,2018:05:18 19:01:00,22328.7904186,22040.949567341824,20832.617481
AAL117-1526448333-airline-0272:0,2018:05:18 14:30:00,2018:05:18 20:59:00,24038.1865957,24136.721563502084,20760.0204207
AAL19-1526448333-airline-0120:0,2018:05:18 16:00:00,2018:05:18 22:26:00,24193.2089305,24139.212292513086,20767.977239
ASA1411-1526448334-airline-0018,2018:05:18 12:00:00,2018:05:18 18:24:00,21696.4201766,21730.297278634484,20830.2453799
AAL133-1526448333-airline-0437:0,2018:05:18 17:00:00,2018:05:18 23:32:00,22123.3806551,22880.23647351656,20827.1800454
AAL293-1526448333-airline-0325:0,2018:05:18 19:15:00,2018:05:19 01:50:00,24762.5476809,24162.191400730357,20814.7184278
JBU523-1526448337-airline-0294,2018:05:18 11:30:00,2018:05:18 17:39:00,21726.738404,21906.30510277567,20830.2453799
JBU1623-1526448337-airline-0378,2018:05:18 18:30:00,2018:05:19 01:04:00,24374.0237747,23630.888320872346,20802.4927894
JBU1723-1526448337-airline-0297:0,2018:05:18 20:40:00,2018:05:19 03:02:00,22928.4908073,22911.332562519234,20752.2573263
ASA1413-1526448334-airline-0211:0,2018:05:18 15:50:00,2018:05:18 22:15:00,24052.565218,23979.661887155424,20767.977239
JBU1323-1526448337-airline-0083:0,2018:05:18 14:27:00,2018:05:18 20:51:00,24089.0456172,24070.170394704735,20760.0204207
AAL33-1526448333-airline-0531,2018:05:18 06:00:00,2018:05:18 12:29:00,21919.1848277,22052.853225863553,21148.0342468
JBU1523-1526448337-airline-0093:0,2018:05:18 16:00:00,2018:05:18 22:28:00,24126.0210029,24610.268571693865,20767.977239
AAL171-1526448333-airline-0231:0,2018:05:18 05:00:00,2018:05:18 11:27:00,21940.0164573,21800.1678983011,21190.4132667
QFA12-1526448348-airline-0325:0,2018:05:18 17:10:00,2018:05:18 23:00:00,24069.5806522,24333.142659263507,20827.1800454
JBU323-1526448337-airline-0171:0,2018:05:18 08:30:00,2018:05:18 14:46:00,22640.7244087,22753.5727778992,20949.3172561
JBU423-1526448337-airline-0209,2018:05:18 09:30:00,2018:05:18 15:39:00,21916.8129922,22114.77264951235,20941.9250488
JBU223-1526448337-airline-0017:0,2018:05:18 07:23:00,2018:05:18 13:45:00,22744.7038898,22833.718258622237,21041.2128451
DAL427-1526448342-airline-0333:0,2018:05:18 20:00:00,2018:05:19 02:14:00,23975.1931679,23791.233614457655,20814.7184278
JBU23-1526448337-airline-0308:0,2018:05:18 04:50:00,2018:05:18 10:58:00,22005.1410362,21841.35687290836,21190.4132667
ASA1415-1526448334-airline-0231,2018:05:18 19:25:00,2018:05:19 01:58:00,24191.2593923,23922.4633523224,20814.7184278
ASA1407-1526448334-airline-0081,2018:05:18 08:15:00,2018:05:18 14:39:00,22019.1716787,22275.975982268854,21041.2128451
ASA1409-1526448334-airline-0229,2018:05:18 10:30:00,2018:05:18 16:43:00,21797.3812822,21690.34574804137,20883.2864638
ASA1399-1526448334-airline-0248,2018:05:18 06:00:00,2018:05:18 12:24:00,22021.1943282,21915.63309182958,21148.0342468
AAL293-1526534757-airline-0569,2018:05:19 19:15:00,2018:05:20 01:50:00,21990.3082938,22251.93440168307,21237.8718975
JBU1523-1526534759-airline-0482:0,2018:05:19 16:00:00,2018:05:19 22:28:00,22038.5136934,22143.66747182452,21016.1404469
AAL163-1526534757-airline-0440,2018:05:19 10:00:00,2018:05:19 16:16:00,22708.5492007,22828.82993447374,20795.2653195
JBU1723-1526534759-airline-0383:0,2018:05:19 20:40:00,2018:05:20 02:58:00,22000.9679003,22272.961250581408,21273.380756
JBU323-1526534759-airline-0018:0,2018:05:19 08:30:00,2018:05:19 14:33:00,22701.4720476,22490.254758660725,20779.981457
QFA12-1526534766-airline-0187:2,2018:05:19 17:10:00,2018:05:19 23:00:00,21782.2792261,21701.41252649553,21055.8543921
AAL117-1526534757-airline-0528:0,2018:05:19 14:45:00,2018:05:19 21:14:00,21609.0966034,21597.93589216873,20899.7916212
AAL1-1526534757-airline-0499:0,2018:05:19 07:00:00,2018:05:19 13:35:00,22698.0776232,22729.73782438561,20715.8653767
AAL133-1526534757-airline-0372:0,2018:05:19 17:00:00,2018:05:19 23:32:00,21815.9423997,22059.288559729055,21055.8543921
AAL33-1526534757-airline-0527,2018:05:19 06:00:00,2018:05:19 12:29:00,22753.0145981,22745.970634399353,20755.7990111
AAL255-1526534757-airline-0528:0,2018:05:19 09:00:00,2018:05:19 15:23:00,22711.7674289,22533.09701768975,20779.981457
AAL23-1526534757-airline-0089:0,2018:05:19 13:30:00,2018:05:19 19:54:00,21518.5037244,21716.390465743163,20810.998096
JBU523-1526534759-airline-0200:0,2018:05:19 11:30:00,2018:05:19 17:33:00,21245.9257158,21689.180535552354,20702.1903188
DAL472-1526448342-airline-0526:0,2018:05:19 08:55:00,2018:05:19 15:10:00,22658.4011488,22679.002528601555,20779.981457
JBU223-1526534759-airline-0479:0,2018:05:19 07:23:00,2018:05:19 13:32:00,22754.0296094,22630.967730930464,20715.8653767
ASA1407-1526534758-airline-0026:0,2018:05:19 08:15:00,2018:05:19 14:39:00,22695.6919307,22614.450315018712,20799.5544067
AAL255-1526621169-airline-0390,2018:05:20 09:00:00,2018:05:20 15:23:00,24051.2374524,24099.90540439808,21713.2858412
AAL19-1526621168-airline-0538:0,2018:05:20 16:00:00,2018:05:20 22:26:00,22702.6044545,22429.493592094444,21710.9672909
AAL3-1526621168-airline-0429,2018:05:20 11:00:00,2018:05:20 17:12:00,24122.6341953,24127.001823321683,21732.8881305
AAL185-1526621168-airline-0166:0,2018:05:20 20:15:00,2018:05:21 02:45:00,23504.0405953,23866.88077231524,21869.2938885
DAL427-1526621171-airline-0112:0,2018:05:20 20:00:00,2018:05:21 02:14:00,22802.8984682,22270.434654675748,21829.2792532
DAL212-1526621171-airline-0009:0,2018:05:20 15:55:00,2018:05:20 22:05:00,22411.0151383,22416.738626753995,21710.9672909
JBU1723-1526621170-airline-0333:0,2018:05:20 20:40:00,2018:05:21 02:58:00,22365.1230157,22434.131767220206,21869.2938885
DAL460-1526621171-airline-0505:0,2018:05:20 17:19:00,2018:05:20 23:35:00,22712.2005806,22694.095200842552,21744.3784796
ASA1415-1526621169-airline-0107:0,2018:05:20 19:22:00,2018:05:21 01:44:00,23081.0781814,22769.62097185245,21829.2792532
DAL458-1526621171-airline-0472:0,2018:05:20 12:55:00,2018:05:20 19:01:00,0,24359.136982580596,21787.4550483
JBU523-1526621170-airline-0287:0,2018:05:20 11:30:00,2018:05:20 17:33:00,22300.2404292,23604.762256765644,21750.3357537
AAL133-1526621168-airline-0051:0,2018:05:20 17:00:00,2018:05:20 23:32:00,22682.8870559,22941.20701175325,21744.3784796
ASA1413-1526621169-airline-0098:0,2018:05:20 15:56:00,2018:05:20 22:16:00,22602.2433296,22602.441926767708,21710.9672909
AAL117-1526621168-airline-0097:0,2018:05:20 14:30:00,2018:05:20 20:59:00,22629.8997217,22539.68099096234,21726.802322
AAL23-1526621168-airline-0358:0,2018:05:20 13:30:00,2018:05:20 19:54:00,23333.2666095,23547.967203605138,21728.7983228
JBU1523-1526621170-airline-0221:0,2018:05:20 16:00:00,2018:05:20 22:28:00,22643.2924208,22634.89992979563,21710.9672909
JBU1323-1526621170-airline-0013:0,2018:05:20 14:27:00,2018:05:20 20:45:00,23127.7430277,23282.181591833887,21726.802322
AAL171-1526621168-airline-0383:0,2018:05:20 05:00:00,2018:05:20 11:27:00,22722.6909423,22926.52282739059,21654.4412932
QFA12-1526621177-airline-0017:2,2018:05:20 17:10:00,2018:05:20 23:00:00,22670.2557452,22573.630036080664,21744.3784796
JBU323-1526621170-airline-0303:0,2018:05:20 08:30:00,2018:05:20 14:33:00,23456.5196645,23265.072591770742,21713.2858412
ASA1411-1526621169-airline-0126:0,2018:05:20 12:00:00,2018:05:20 18:12:00,22396.182551,24000.530652517748,21750.3357537
JBU23-1526621170-airline-0315:0,2018:05:20 04:50:00,2018:05:20 10:48:00,23250.2020101,23007.459415562244,21654.4412932
JBU223-1526621170-airline-0205:0,2018:05:20 07:23:00,2018:05:20 13:32:00,23145.8122181,23507.969338471972,21755.0559185
ASA1407-1526621169-airline-0343:0,2018:05:20 08:00:00,2018:05:20 14:12:00,23167.2830428,23784.725287831305,21783.8034248
DAL460-1526707550-airline-0350:0,2018:05:21 17:19:00,2018:05:21 23:35:00,23381.5275073,23913.265662560225,22118.2151124
DAL427-1526707550-airline-0482:0,2018:05:21 20:00:00,2018:05:22 02:14:00,22934.4030978,22868.81286418473,22141.0213403
AAL33-1526707546-airline-0078:0,2018:05:21 06:00:00,2018:05:21 12:29:00,23155.8169841,23090.684098591417,22204.4712665
DAL400-1526707550-airline-0052:0,2018:05:21 14:30:00,2018:05:21 20:48:00,23656.3724935,23615.13968523029,22102.8747789
AAL171-1526707546-airline-0056:0,2018:05:21 05:00:00,2018:05:21 11:27:00,22982.16729,23149.92313594349,22267.8473693
AAL185-1526707546-airline-0579:0,2018:05:21 20:15:00,2018:05:22 02:45:00,23404.0622197,23486.94187396035,22133.0887158
AAL293-1526707546-airline-0468:0,2018:05:21 19:15:00,2018:05:22 01:50:00,23035.5509413,23735.184539898317,22141.0213403
DAL212-1526707550-airline-0235:0,2018:05:21 15:55:00,2018:05:21 22:05:00,23800.8294107,23496.614394895398,22069.3101949
JBU1823-1526707547-airline-0410:0,2018:05:21 21:43:00,2018:05:22 04:00:00,23132.6437985,23915.08553303424,22151.742804
AAL163-1526707546-airline-0111:0,2018:05:21 10:00:00,2018:05:21 16:16:00,22842.3288892,23615.56827350398,22177.0967908
DAL458-1526707550-airline-0060:0,2018:05:21 12:55:00,2018:05:21 19:01:00,23207.6547738,22973.587880309202,22156.3404568
AAL133-1526707546-airline-0570:0,2018:05:21 17:00:00,2018:05:21 23:32:00,23013.8402273,23360.480319237286,22118.2151124
AAL19-1526707546-airline-0371:0,2018:05:21 16:00:00,2018:05:21 22:26:00,23800.8294107,23391.39196013957,22069.3101949
JBU1723-1526707547-airline-0258:0,2018:05:21 20:40:00,2018:05:22 03:02:00,23413.8104167,23460.42912324843,22133.0887158
AAL117-1526707546-airline-0286:0,2018:05:21 14:30:00,2018:05:21 20:59:00,23801.5288375,23491.48299105368,22102.8747789
ASA1407-1526707547-airline-0236:0,2018:05:21 08:00:00,2018:05:21 14:12:00,23130.2327593,23156.739603598777,22202.8690608
AAL3-1526707546-airline-0339,2018:05:21 11:00:00,2018:05:21 17:12:00,22771.6495761,22810.384702017334,22175.9016636
AAL23-1526707546-airline-0289:0,2018:05:21 13:30:00,2018:05:21 19:54:00,22516.1988897,22923.392469767972,22113.6391127
AAL255-1526707546-airline-0056:0,2018:05:21 09:00:00,2018:05:21 15:23:00,22936.3368353,22789.86113372529,22166.6427942
ASA1411-1526707547-airline-0233:0,2018:05:21 12:00:00,2018:05:21 18:12:00,23025.4791528,22960.613755960683,22190.4522912
JBU23-1526707547-airline-0174:0,2018:05:21 04:50:00,2018:05:21 10:58:00,23297.675447,23288.316725891833,22267.8473693
ASA1415-1526707547-airline-0076:0,2018:05:21 19:22:00,2018:05:22 01:44:00,23105.8754816,23558.72473412585,22141.0213403
JBU323-1526707547-airline-0212:0,2018:05:21 08:30:00,2018:05:21 14:46:00,23173.926842,23203.392528253255,22166.6427942
JBU123-1526707547-airline-0384:0,2018:05:21 06:31:00,2018:05:21 12:44:00,23085.579306,23931.411958094926,22218.1493139
JBU223-1526707547-airline-0181:0,2018:05:21 07:23:00,2018:05:21 13:45:00,23130.9733944,22966.395405218853,22202.8690608
JBU523-1526707547-airline-0056:0,2018:05:21 11:30:00,2018:05:21 17:39:00,23025.1703066,22961.9886809728,22190.4522912
JBU1323-1526707547-airline-0231:0,2018:05:21 14:27:00,2018:05:21 20:51:00,23387.9850266,24039.636222128483,22102.8747789
JBU1523-1526707547-airline-0160:0,2018:05:21 16:00:00,2018:05:21 22:28:00,23800.8294107,23469.98528917809,22069.3101949
QFA12-1526707553-airline-0412:2,2018:05:21 17:10:00,2018:05:21 23:00:00,22980.3306911,23495.773166377032,22118.2151124
ASA1413-1526707547-airline-0271:0,2018:05:21 15:56:00,2018:05:21 22:16:00,23800.8294107,23608.727647191045,22069.3101949
AAL117-1526793964-airline-0500:0,2018:05:22 14:30:00,2018:05:22 20:59:00,22957.680743,22927.929969690857,22088.8187881
JBU323-1526793965-airline-0234:0,2018:05:22 08:30:00,2018:05:22 14:46:00,22946.0719127,22856.99035191079,22135.1651805
JBU523-1526793965-airline-0075:0,2018:05:22 11:30:00,2018:05:22 17:39:00,22880.8248159,23070.182760149553,22111.701713
JBU1723-1526793965-airline-0331,2018:05:22 20:40:00,2018:05:23 03:02:00,23075.989066,23126.01942693819,22028.9835707
JBU123-1526793965-airline-0205:0,2018:05:22 06:31:00,2018:05:22 12:44:00,22988.1842867,22820.134932880803,22148.0917855
JBU1523-1526793965-airline-0060:0,2018:05:22 16:00:00,2018:05:22 22:28:00,23260.6974193,23472.846251343643,22081.8704553
JBU1323-1526793965-airline-0092:0,2018:05:22 14:27:00,2018:05:22 20:51:00,23539.7393386,23621.209742040675,22088.8187881
JBU23-1526793965-airline-0363:0,2018:05:22 04:50:00,2018:05:22 10:58:00,22855.655358,22775.385972491633,22242.1448149
AAL171-1526793964-airline-0028:0,2018:05:22 05:00:00,2018:05:22 11:27:00,22888.0531475,22721.896974731866,22242.1448149
AAL1-1526793964-airline-0505:0,2018:05:22 07:00:00,2018:05:22 13:35:00,22685.7771074,22692.96918784452,22148.0917855
AAL255-1526793964-airline-0099:0,2018:05:22 09:00:00,2018:05:22 15:23:00,22530.5356336,22756.01205628913,22135.1651805
AAL3-1526793964-airline-0250:0,2018:05:22 11:00:00,2018:05:22 17:12:00,22493.1706933,22658.49737262079,22109.3793939
AAL23-1526793964-airline-0386:0,2018:05:22 13:30:00,2018:05:22 19:54:00,22874.2532304,22722.042740311947,22087.3975243
AAL19-1526793964-airline-0544:0,2018:05:22 16:00:00,2018:05:22 22:26:00,22947.5937826,22809.077349066767,22081.8704553
AAL133-1526793964-airline-0565:0,2018:05:22 17:00:00,2018:05:22 23:32:00,22913.5087655,22806.069634273776,22086.2830701
AAL185-1526793964-airline-0607,2018:05:22 20:15:00,2018:05:23 02:45:00,0,23034.90821901243,22028.9835707
AAL33-1526793964-airline-0533,2018:05:22 06:00:00,2018:05:22 12:29:00,0,22877.2712166303,22180.7887877
AAL163-1526793964-airline-0141:0,2018:05:22 10:00:00,2018:05:22 16:16:00,22552.3705938,22533.657293150573,22104.7804837
DAL472-1526707550-airline-0435:0,2018:05:22 07:05:00,2018:05:22 13:19:00,22842.7108661,22733.094480572567,22148.0917855
DAL330-1526793967-airline-0008:0,2018:05:22 08:55:00,2018:05:22 15:10:00,22654.3642699,22883.43001717666,22135.1651805
DAL747-1526793967-airline-0080:0,2018:05:22 10:55:00,2018:05:22 16:57:00,22878.3262461,23045.567666708106,22109.3793939
DAL460-1526793967-airline-0301:0,2018:05:22 17:19:00,2018:05:22 23:35:00,23603.8295197,23771.699476537164,22086.2830701
DAL212-1526793967-airline-0308:0,2018:05:22 15:55:00,2018:05:22 22:05:00,23668.6919817,23670.092451905824,22081.8704553
DAL458-1526793967-airline-0154:0,2018:05:22 12:55:00,2018:05:22 19:01:00,22859.0019217,22938.78749553885,22073.0788836
DAL400-1526793967-airline-0582:0,2018:05:22 14:30:00,2018:05:22 20:48:00,23557.3703,23465.39360408345,22088.8187881
CPZ5756-1526793976-airline-0129,2018:05:22 14:30:00,2018:05:22 20:48:00,0,32934.281869793274,22088.8187881
ASA1411-1526793965-airline-0404:0,2018:05:22 12:00:00,2018:05:22 18:12:00,23443.1425641,23322.975583462197,22111.701713
JBU223-1526793965-airline-0155:0,2018:05:22 07:23:00,2018:05:22 13:45:00,22949.2885718,22830.83618310594,22117.8953975
JBU423-1526793965-airline-0271:0,2018:05:22 09:30:00,2018:05:22 15:39:00,23004.4057226,23671.061835828972,22104.7804837
QFA12-1526793973-airline-0257:2,2018:05:22 17:10:00,2018:05:22 23:00:00,22875.8114019,23379.19529420025,22086.2830701
ASA1407-1526793965-airline-0132:0,2018:05:22 08:00:00,2018:05:22 14:12:00,22722.961156,22716.45338873278,22117.8953975
ASA1409-1526793965-airline-0101:0,2018:05:22 10:30:00,2018:05:22 16:42:00,22835.6147921,22745.31477963157,22109.3793939
ASA1413-1526793965-airline-0299:0,2018:05:22 15:56:00,2018:05:22 22:16:00,23436.2407296,23451.594080372164,22081.8704553
AAL19-1526880384-airline-0241:0,2018:05:23 16:00:00,2018:05:23 22:26:00,23304.2195409,23365.40509031773,21807.3641329
AAL133-1526880391-airline-0355:0,2018:05:23 17:00:00,2018:05:23 23:32:00,23214.9067679,23253.363904239024,21852.8130997
DAL212-1526880393-airline-0114:0,2018:05:23 15:55:00,2018:05:23 22:05:00,23329.138683,23302.07774263926,21807.3641329
AAL117-1526880384-airline-0161:0,2018:05:23 14:30:00,2018:05:23 20:59:00,23251.4104952,23429.52689841167,21826.2550482
JBU523-1526880392-airline-0129:0,2018:05:23 11:30:00,2018:05:23 17:39:00,22397.6293256,22401.492755595515,21863.9653661
DAL460-1526880394-airline-0179:0,2018:05:23 17:19:00,2018:05:23 23:35:00,23211.6667996,23428.773239697,21852.8130997
DAL400-1526880394-airline-0476:0,2018:05:23 14:30:00,2018:05:23 20:48:00,22523.2694764,23840.414776916125,21826.2550482
JBU323-1526880392-airline-0105,2018:05:23 08:30:00,2018:05:23 14:46:00,22581.1274223,22319.732230465546,22052.5207626
AAL23-1526880384-airline-0060:0,2018:05:23 13:30:00,2018:05:23 19:54:00,22400.1090975,22462.663130697198,21836.7504541
JBU1623-1526880392-airline-0296,2018:05:23 18:30:00,2018:05:24 01:04:00,23123.4675747,23004.89097346695,21911.5580333
JBU1523-1526880392-airline-0442:0,2018:05:23 16:00:00,2018:05:23 22:28:00,22464.0047944,22462.639197940287,21807.3641329
AAL293-1526880391-airline-0193,2018:05:23 19:15:00,2018:05:24 01:50:00,22661.2737177,22404.181654851418,21923.5302402
JBU423-1526880392-airline-0154,2018:05:23 09:30:00,2018:05:23 15:39:00,22511.2642965,22393.861361489293,22018.4883511
DAL458-1526880394-airline-0364:0,2018:05:23 12:55:00,2018:05:23 19:01:00,22490.545155,22812.782494290826,21849.7917803
JBU1323-1526880392-airline-0001:0,2018:05:23 14:27:00,2018:05:23 20:51:00,22225.3062793,22518.375167820635,21826.2550482
ASA1413-1526880392-airline-0286:0,2018:05:23 15:56:00,2018:05:23 22:16:00,22481.2193034,22419.58881424857,21807.3641329
AAL171-1526880391-airline-0588:0,2018:05:23 05:00:00,2018:05:23 11:27:00,23163.9879688,23090.498459306804,22036.8548798
QFA12-1526880397-airline-0234:0,2018:05:23 17:10:00,2018:05:23 23:00:00,22657.2990091,22787.222256615754,21852.8130997
ASA1411-1526880392-airline-0100:0,2018:05:23 12:00:00,2018:05:23 18:12:00,22536.0073503,22574.866005514425,21863.9653661
JBU23-1526880392-airline-0146:0,2018:05:23 04:50:00,2018:05:23 10:58:00,23066.1305843,23255.53342944811,22036.8548798
DAL400-1526966764-airline-0207:0,2018:05:24 14:30:00,2018:05:24 20:48:00,21592.8792848,21881.01231109238,21359.4938162
AAL3-1526966760-airline-0241,2018:05:24 11:00:00,2018:05:24 17:12:00,21826.1513072,22002.41019423483,21360.1383082
DAL212-1526966764-airline-0422:0,2018:05:24 15:55:00,2018:05:24 22:05:00,21686.4782941,21681.96573022691,21393.8728919
AAL33-1526966760-airline-0140,2018:05:24 06:00:00,2018:05:24 12:29:00,22492.5021741,22284.75913785846,21549.0443434
AAL1-1526966760-airline-0126,2018:05:24 07:00:00,2018:05:24 13:35:00,22382.9098368,22253.766720438292,21559.7205573
JBU523-1526966762-airline-0088:0,2018:05:24 11:30:00,2018:05:24 17:39:00,21645.1064723,21554.671523647718,21329.7999693
AAL23-1526966760-airline-0216:0,2018:05:24 13:30:00,2018:05:24 19:54:00,21924.3799578,22065.232921735096,21321.8301289
DAL458-1526966764-airline-0217:0,2018:05:24 12:55:00,2018:05:24 19:01:00,21695.0547649,21514.281065904426,21329.589055
JBU1823-1526966762-airline-0085,2018:05:24 21:43:00,2018:05:25 04:00:00,22824.1393927,22885.578742044494,21431.9567959
JBU123-1526966762-airline-0361,2018:05:24 06:31:00,2018:05:24 12:44:00,22106.7053632,22156.16371586805,21559.7205573
AAL19-1526966760-airline-0032:0,2018:05:24 16:00:00,2018:05:24 22:26:00,21702.772955,22120.21636702712,21393.8728919
AAL117-1526966760-airline-0569:0,2018:05:24 14:30:00,2018:05:24 20:59:00,21777.3440861,22427.143164437734,21359.4938162
JBU1523-1526966762-airline-0280:0,2018:05:24 16:00:00,2018:05:24 22:28:00,21626.9787343,21623.95888813979,21393.8728919
ASA1413-1526966762-airline-0353:0,2018:05:24 15:56:00,2018:05:24 22:16:00,21683.0824647,21655.118958045543,21393.8728919
JBU1323-1526966762-airline-0140:0,2018:05:24 14:27:00,2018:05:24 20:51:00,21593.3820425,21897.844778132585,21359.4938162
QFA12-1526966771-airline-0124:2,2018:05:24 17:10:00,2018:05:24 23:00:00,22282.0971084,22233.82677525824,21436.4342642
JBU223-1526966762-airline-0301,2018:05:24 07:23:00,2018:05:24 13:45:00,22043.0471528,22159.946613640124,21561.5653991
JBU23-1526966762-airline-0039:0,2018:05:24 04:50:00,2018:05:24 10:58:00,22269.8314645,22301.2813082363,21541.3668702
ASA1411-1526966762-airline-0017:0,2018:05:24 12:00:00,2018:05:24 18:12:00,21716.7526714,21984.93178444014,21329.7999693
AAL163-1527053124-airline-0149,2018:05:25 10:00:00,2018:05:25 16:16:00,22575.9493154,22501.525471923484,21601.7269552
JBU23-1527053126-airline-0013:0,2018:05:25 04:50:00,2018:05:25 10:58:00,22587.5781314,22674.474032963633,21538.8241444
AAL3-1527053124-airline-0192,2018:05:25 11:00:00,2018:05:25 17:12:00,22606.761715,22530.551786024706,21639.0172908
JBU523-1527053126-airline-0086:0,2018:05:25 11:30:00,2018:05:25 17:39:00,22225.3338752,22765.266785383643,21655.7049018
AAL19-1527053124-airline-0326:0,2018:05:25 16:00:00,2018:05:25 22:26:00,23143.5664146,23382.454689603732,21636.7740289
JBU1823-1527053126-airline-0377:0,2018:05:25 21:43:00,2018:05:26 04:00:00,22771.0417016,23196.36626909759,22130.8286257
ASA1411-1527053125-airline-0371:0,2018:05:25 12:00:00,2018:05:25 18:12:00,22879.3457346,22714.303168296392,21655.7049018
AAL117-1527053124-airline-0453:0,2018:05:25 14:30:00,2018:05:25 20:59:00,23093.0767234,22908.308044212896,21621.5721066
DAL458-1527053128-airline-0158:0,2018:05:25 12:55:00,2018:05:25 19:01:00,22766.000518,22811.260907196414,21606.6359403
AAL1-1527053124-airline-0076,2018:05:25 07:00:00,2018:05:25 13:35:00,22582.69048,23210.018637046614,21557.8231671
DAL212-1527053127-airline-0345:0,2018:05:25 15:55:00,2018:05:25 22:05:00,22905.3687747,23741.042155084713,21636.7740289
DAL400-1527053128-airline-0500:0,2018:05:25 14:30:00,2018:05:25 20:48:00,22854.8159015,23039.726773354167,21621.5721066
JBU123-1527053126-airline-0335,2018:05:25 06:31:00,2018:05:25 12:44:00,22704.8332099,23031.852210004363,21557.8231671
AAL33-1527053124-airline-0504,2018:05:25 06:00:00,2018:05:25 12:29:00,22541.9248948,23338.13962903288,21568.8748474
JBU1523-1527053126-airline-0030:0,2018:05:25 16:00:00,2018:05:25 22:28:00,22905.3687747,22914.588281768498,21636.7740289
QFA12-1527053135-airline-0263:2,2018:05:25 17:10:00,2018:05:25 23:00:00,22867.4180436,22866.678700882323,21685.28496
JBU1323-1527053126-airline-0061:0,2018:05:25 14:27:00,2018:05:25 20:51:00,22854.8159015,22884.829223752608,21621.5721066
AAL23-1527053124-airline-0134:0,2018:05:25 13:30:00,2018:05:25 19:54:00,22540.0791848,22502.1608876407,21628.8802711
JBU423-1527053126-airline-0190,2018:05:25 09:30:00,2018:05:25 15:39:00,22743.7217267,22814.493543897897,21601.7269552
JBU223-1527053126-airline-0267,2018:05:25 07:23:00,2018:05:25 13:45:00,22700.4790161,22661.16573883774,21564.5757152
ASA1413-1527139545-airline-0222:0,2018:05:26 15:56:00,2018:05:26 22:16:00,22987.0539753,22869.059311153025,22139.1658558
AAL23-1527139544-airline-0118:0,2018:05:26 13:30:00,2018:05:26 19:54:00,22923.0915327,23379.086887137633,22223.0333478
AAL133-1527139544-airline-0308:0,2018:05:26 17:00:00,2018:05:26 23:32:00,30012.0061301,17606.412865963157,22127.69287
AAL3-1527139544-airline-0127:0,2018:05:26 11:00:00,2018:05:26 17:12:00,22839.4883034,22779.369170903967,22257.7650748
AAL163-1527139544-airline-0485,2018:05:26 10:00:00,2018:05:26 16:16:00,23159.284497,22667.289916095327,22326.1442344
AAL1-1527139544-airline-0412,2018:05:26 07:00:00,2018:05:26 13:35:00,22974.6320433,23504.31762932281,22364.7912747
DAL400-1527139547-airline-0371:0,2018:05:26 14:30:00,2018:05:26 20:48:00,23258.1724275,23787.07307145054,22150.6631873
DAL454-1527139547-airline-0433,2018:05:26 18:15:00,2018:05:27 00:55:00,23429.9710158,23403.022571126818,22059.8821846
AAL117-1527139544-airline-0450:0,2018:05:26 14:45:00,2018:05:26 21:14:00,23594.5530778,23309.542965778375,22150.6631873
AAL255-1527139544-airline-0442,2018:05:26 09:00:00,2018:05:26 15:23:00,23194.6748608,22823.820054282838,22423.8753183
JBU323-1527139546-airline-0031,2018:05:26 08:30:00,2018:05:26 14:33:00,22956.9905331,22683.40712156493,22423.8753183
ASA1411-1527139545-airline-0142:0,2018:05:26 12:00:00,2018:05:26 18:12:00,22844.9075729,22671.107133276062,22236.9312947
JBU1723-1527139546-airline-0014,2018:05:26 20:40:00,2018:05:27 02:58:00,23311.0432418,23394.266714025285,22041.4378438
JBU223-1527139546-airline-0366,2018:05:26 07:23:00,2018:05:26 13:32:00,22688.2852923,22476.34538061647,22364.7912747
JBU523-1527139546-airline-0061:0,2018:05:26 11:30:00,2018:05:26 17:33:00,23657.9785454,24140.5831051083,22236.9312947
JBU1323-1527139546-airline-0244:0,2018:05:26 14:27:00,2018:05:26 20:45:00,24097.4580101,23890.479777580644,22150.6631873
QFA12-1527139553-airline-0232:2,2018:05:26 17:10:00,2018:05:26 23:00:00,23643.1324452,23934.22100223466,22127.69287
DAL424-1527225964-airline-0436,2018:05:27 06:00:00,2018:05:27 12:06:00,22841.4144511,23050.04770264261,21490.697022
DAL400-1527225963-airline-0207:0,2018:05:27 14:30:00,2018:05:27 20:48:00,22581.4444192,22907.73747596003,21068.1301914
JBU1323-1527225961-airline-0209:0,2018:05:27 14:27:00,2018:05:27 20:45:00,22463.3388679,24428.35030310572,21068.1301914
AAL255-1527225959-airline-0412,2018:05:27 09:00:00,2018:05:27 15:23:00,22777.2894946,22758.480443889446,21413.1126783
JBU1823-1527225962-airline-0286:0,2018:05:27 21:43:00,2018:05:28 03:56:00,24311.7379609,24878.47500202312,20949.3641316
AAL23-1527225959-airline-0012:0,2018:05:27 13:30:00,2018:05:27 19:54:00,22602.8011617,23348.235309712003,21115.0639402
ASA1411-1527225960-airline-0078:0,2018:05:27 12:00:00,2018:05:27 18:12:00,22983.7775461,22969.938362811285,21240.1722324
AAL117-1527225959-airline-0094:0,2018:05:27 14:30:00,2018:05:27 20:59:00,22555.3968769,23757.622013044365,21068.1301914
ASA1409-1527225960-airline-0171:0,2018:05:27 10:30:00,2018:05:27 16:42:00,22520.3952911,22950.791018157488,21314.3290735
AAL1-1527225959-airline-0152,2018:05:27 07:00:00,2018:05:27 13:35:00,22961.4008746,22945.732440629974,21459.5511886
ASA1413-1527225960-airline-0027:0,2018:05:27 15:56:00,2018:05:27 22:16:00,23195.4133086,23332.470315569626,21042.041327
JBU1523-1527225961-airline-0241:0,2018:05:27 16:00:00,2018:05:27 22:28:00,23161.54239,23263.90874536124,21042.041327
AAL163-1527225959-airline-0366,2018:05:27 10:00:00,2018:05:27 16:16:00,22789.6525354,22893.24627646107,21382.4036015
DAL747-1527225964-airline-0166:0,2018:05:27 10:55:00,2018:05:27 16:57:00,22474.7818653,22692.914512035604,21314.3290735
JBU523-1527225962-airline-0354:0,2018:05:27 11:30:00,2018:05:27 17:33:00,22830.295648,22931.217247533117,21240.1722324
JBU323-1527225962-airline-0367,2018:05:27 08:30:00,2018:05:27 14:33:00,23085.2715798,22999.361454148297,21413.1126783
QFA12-1527225966-airline-0048:0,2018:05:27 17:10:00,2018:05:27 23:00:00,22385.9304244,23676.39329897931,20986.9785428
ASA1413-1527312380-airline-0014:0,2018:05:28 15:56:00,2018:05:28 22:16:00,22403.8380825,23358.942009756673,20499.451711
AAL3-1527312379-airline-0151:0,2018:05:28 11:00:00,2018:05:28 17:12:00,22637.5968671,22434.782801689835,20395.1839664
AAL163-1527312379-airline-0180,2018:05:28 10:00:00,2018:05:28 16:16:00,22795.383893,22480.64829464564,20445.2449178
AAL1-1527312379-airline-0098,2018:05:28 07:00:00,2018:05:28 13:35:00,22542.6097546,22899.224515242793,20788.5121884
AAL117-1527312379-airline-0446:0,2018:05:28 14:30:00,2018:05:28 20:59:00,22359.0448518,23153.771851848738,20432.8480742
DAL400-1527312382-airline-0089:0,2018:05:28 14:30:00,2018:05:28 20:48:00,23143.2244519,23581.305073930216,20432.8480742
JBU1523-1527312380-airline-0152:0,2018:05:28 16:00:00,2018:05:28 22:28:00,22666.0370726,24543.447019546886,20499.451711
AAL255-1527312379-airline-0246,2018:05:28 09:00:00,2018:05:28 15:23:00,22879.8651172,22653.855068360303,20630.5109964
AAL23-1527312379-airline-0123:0,2018:05:28 13:30:00,2018:05:28 19:54:00,22357.5225351,23494.11744945026,20438.5161099
AAL171-1527312379-airline-0332,2018:05:28 05:00:00,2018:05:28 11:27:00,22680.6852171,23083.457232824472,20767.172308
JBU23-1527312380-airline-0199:0,2018:05:28 04:50:00,2018:05:28 10:58:00,23641.5261577,23658.80268386032,20767.172308
DAL458-1527312382-airline-0070:0,2018:05:28 12:55:00,2018:05:28 19:01:00,23202.9031206,23148.888755633925,20440.0750127
AAL19-1527312379-airline-0199:0,2018:05:28 16:00:00,2018:05:28 22:26:00,22516.3579379,23562.999551649697,20499.451711
AAL185-1527312379-airline-0100,2018:05:28 20:15:00,2018:05:29 02:45:00,22957.7388201,23141.142666269596,20873.8664866
JBU1323-1527312380-airline-0211:0,2018:05:28 14:27:00,2018:05:28 20:51:00,24371.3677759,23955.017933591218,20432.8480742
ASA1411-1527312380-airline-0263:0,2018:05:28 12:00:00,2018:05:28 18:12:00,22537.2754095,22436.73798741967,20385.5610827
QFA12-1527312387-airline-0404:2,2018:05:28 17:10:00,2018:05:28 23:00:00,22517.1816375,23427.412485716966,20585.196576
JBU1823-1527312380-airline-0402:0,2018:05:28 21:43:00,2018:05:29 04:00:00,22949.1934113,23254.957946493727,20969.6291903
JBU523-1527312380-airline-0048:0,2018:05:28 11:30:00,2018:05:28 17:39:00,22632.4836625,22496.43790870146,20385.5610827
AAL133-1527312379-airline-0591:0,2018:05:28 17:00:00,2018:05:28 23:32:00,22523.1036992,23559.383700356357,20585.196576
DAL212-1527312382-airline-0090:0,2018:05:28 15:50:00,2018:05:28 22:05:00,23298.4626058,23308.855094176197,20499.451711
DAL747-1527312382-airline-0199:0,2018:05:28 10:55:00,2018:05:28 16:57:00,23745.413025,23548.714441450542,20395.1839664
AAL255-1527398754-airline-0588,2018:05:29 09:00:00,2018:05:29 15:23:00,22405.8305883,22145.117137277168,20753.4247192
AAL133-1527398754-airline-0469,2018:05:29 17:00:00,2018:05:29 23:32:00,24093.9099783,23867.93874354187,20982.9417425
DAL212-1527398757-airline-0185:0,2018:05:29 15:55:00,2018:05:29 22:05:00,24019.4425196,23895.521974812098,20955.3860911
AAL19-1527398754-airline-0340:0,2018:05:29 16:00:00,2018:05:29 22:26:00,24038.3389229,23882.134493608803,20955.3860911
DAL458-1527398758-airline-0609:0,2018:05:29 12:55:00,2018:05:29 19:01:00,24040.0957938,23941.855413166857,20763.2466261
AAL163-1527398754-airline-0608,2018:05:29 10:00:00,2018:05:29 16:16:00,22229.9807191,21933.265207839413,20721.2641829
AAL117-1527398754-airline-0217:0,2018:05:29 14:30:00,2018:05:29 20:59:00,24041.6157774,23952.465076275967,20893.295772
DAL747-1527398758-airline-0064:0,2018:05:29 10:55:00,2018:05:29 16:57:00,22584.4581459,22502.518901878342,20718.4629558
AAL3-1527398754-airline-0256:0,2018:05:29 11:00:00,2018:05:29 17:12:00,22139.7823542,22357.46218949964,20718.4629558
AAL23-1527398754-airline-0219:0,2018:05:29 13:30:00,2018:05:29 19:54:00,24043.1776277,23967.314715380704,20855.1875922
DAL400-1527398758-airline-0583:0,2018:05:29 14:30:00,2018:05:29 20:48:00,24001.919373,23919.489050961092,20893.295772
AAL185-1527398754-airline-0470,2018:05:29 20:15:00,2018:05:30 02:45:00,24050.1607524,23668.112879734075,21206.7333991
ASA1411-1527398754-airline-0160:0,2018:05:29 12:00:00,2018:05:29 18:12:00,22691.1684441,22526.20774275235,20735.6541059
JBU123-1527398755-airline-0196,2018:05:29 06:31:00,2018:05:29 12:44:00,21959.4440608,21986.35630486412,20744.9732738
JBU523-1527398755-airline-0049:0,2018:05:29 11:30:00,2018:05:29 17:39:00,21404.6889016,22215.617289385536,20735.6541059
JBU1323-1527398755-airline-0445:0,2018:05:29 14:27:00,2018:05:29 20:51:00,24005.2354351,23754.233503366242,20893.295772
QFA12-1527398763-airline-0365:2,2018:05:29 17:10:00,2018:05:29 23:00:00,24063.7473766,24050.58749210631,20982.9417425
AAL33-1527398754-airline-0352,2018:05:29 06:00:00,2018:05:29 12:29:00,22608.6841284,22602.633852291703,20738.8799006
ASA1413-1527398754-airline-0147:0,2018:05:29 15:56:00,2018:05:29 22:16:00,24032.6013589,23849.446362999155,20955.3860911
DAL212-1527485172-airline-0115:0,2018:05:30 15:55:00,2018:05:30 22:05:00,21840.3046623,22222.73692341464,21424.5525227
JBU1523-1527485170-airline-0337,2018:05:30 16:00:00,2018:05:30 22:28:00,23369.1572591,23490.857421769168,21424.5525227
DAL400-1527485172-airline-0378:0,2018:05:30 14:30:00,2018:05:30 20:48:00,22597.2920483,22665.24955995999,21387.9043799
AAL19-1527485169-airline-0059:0,2018:05:30 16:00:00,2018:05:30 22:26:00,22134.4992645,22812.035919396538,21424.5525227
QFA12-1527485178-airline-0130:2,2018:05:30 17:10:00,2018:05:30 23:00:00,22568.3238645,22292.03807521632,21432.9701203
AAL293-1527485169-airline-0031,2018:05:30 19:15:00,2018:05:31 01:50:00,23238.7065599,23294.8154148747,21515.5330118
AAL185-1527485169-airline-0425,2018:05:30 20:15:00,2018:05:31 02:45:00,23144.8465853,23861.779718892692,21548.4933386
AAL1-1527485169-airline-0156,2018:05:30 07:00:00,2018:05:30 13:35:00,22470.4051902,22661.756455098333,21410.1869235
ASA1411-1527485170-airline-0117:0,2018:05:30 12:00:00,2018:05:30 18:12:00,22584.0561013,22209.893961984093,21336.2081787
JBU1323-1527485170-airline-0443:0,2018:05:30 14:27:00,2018:05:30 20:51:00,23263.5936968,23399.599893345556,21387.9043799
DAL458-1527485172-airline-0567:0,2018:05:30 12:55:00,2018:05:30 19:01:00,22401.2316615,22552.343136241565,21372.9386945
AAL33-1527485169-airline-0133,2018:05:30 06:00:00,2018:05:30 12:29:00,22513.9655644,22548.113894730097,21423.8495696
JBU1723-1527485170-airline-0149,2018:05:30 20:40:00,2018:05:31 03:02:00,22487.9723522,22357.80403012234,21548.4933386
AAL23-1527485169-airline-0289:0,2018:05:30 13:30:00,2018:05:30 19:54:00,22273.2501602,22463.248882256416,21387.297815
AAL255-1527485169-airline-0460,2018:05:30 09:00:00,2018:05:30 15:23:00,22361.0761819,22482.996670461416,21382.428606
AAL117-1527485169-airline-0330:0,2018:05:30 14:30:00,2018:05:30 20:59:00,22380.878623,22874.64643137886,21387.9043799
DAL747-1527485172-airline-0107:0,2018:05:30 10:55:00,2018:05:30 17:00:00,21793.6698559,22172.23236541623,21353.1827383
AAL3-1527485169-airline-0243:0,2018:05:30 11:00:00,2018:05:30 17:12:00,22311.8895565,22458.76674584779,21353.1827383
JBU523-1527485170-airline-0260:1,2018:05:30 11:30:00,2018:05:30 17:39:00,23034.4184589,24669.621228197564,21336.2081787
AAL133-1527485169-airline-0282,2018:05:30 17:00:00,2018:05:30 23:32:00,22407.7716213,22625.547520623903,21432.9701203
ASA1413-1527485170-airline-0102:0,2018:05:30 15:56:00,2018:05:30 22:16:00,23047.2524795,23192.838522308626,21424.5525227
ASA1407-1527485170-airline-0242:0,2018:05:30 08:00:00,2018:05:30 14:12:00,22332.1086256,22074.92598210318,21440.9091439
JBU123-1527485170-airline-0052,2018:05:30 06:31:00,2018:05:30 12:44:00,22326.1851802,22042.96073705562,21410.1869235
JBU223-1527485170-airline-0307,2018:05:30 07:23:00,2018:05:30 13:45:00,22981.3794275,22977.77130905824,21440.9091439
ASA1409-1527485170-airline-0184:0,2018:05:30 10:30:00,2018:05:30 16:42:00,22571.4742024,22703.6139980444,21353.1827383
